{"cameraMode":{"drawMode":0,"name":"Shaded","section":"Shading Mode"},"sceneLighting":true,"audioPlay":false,"sceneViewState":{"showFog":true,"showMaterialUpdate":false,"showSkybox":true,"showFlares":true,"showImageEffects":true,"showParticleSystems":true},"in2DMode":false,"pivot":{"x":0.08013105392456055,"y":1.2141286134719849,"z":0.06831097602844238},"rotation":{"x":-0.1296052634716034,"y":0.22575229406356812,"z":-0.030318306758999826,"w":-0.9650498032569885},"size":1.9675548076629639,"orthographic":false}