{"cameraMode":{"drawMode":0,"name":"Shaded","section":"Shading Mode"},"sceneLighting":true,"audioPlay":false,"sceneViewState":{"showFog":true,"showMaterialUpdate":false,"showSkybox":true,"showFlares":true,"showImageEffects":true,"showParticleSystems":true},"in2DMode":false,"pivot":{"x":-4.76837158203125e-7,"y":0.9042659997940064,"z":0.011392325162887574},"rotation":{"x":0.1571466475725174,"y":-0.011550494469702244,"z":0.001798944198526442,"w":0.9875170588493347},"size":1.2878953218460084,"orthographic":false}